Network,Number of Nodes,Number of Edges,Number of connected components,Size of largest connected component,Average Path Length,Average Clustering Coeffcient,Degree Assortavity ,Diameter
Twitch_FR,6549,112666,1,6549,2.680990714,0.2217055092,-0.1781505684,7
Twitch_ENGB,7126,35324,1,7126,3.677615729,0.130928219,-0.1219079614,10
Linkedin,2122488,4626421,7704,1971455,,0.2673942721,-0.07320491676,
Flickr,513969,3190452,1,513969,,0.167598571,0.1578016967,
Facebook_Public_Figure,11565,67114,1,11565,4.622979301,0.1793472512,0.2021615483,15
Facebook_Politician,5908,41729,1,5908,4.664106962,0.3850961258,0.01824434277,14
Facebook_Athletes,13866,86858,1,13866,4.274808737,0.2761883704,-0.02690017417,11
Facebook,22470,171002,1,22470,,0.3597383824,0.08505802106,